대여소_ID,주소1,주소2,위도,경도
99,서울특별시 광진구 능동로 10,뚝섬유원지역 1번출구 앞,37.53186,127.067192
988,서울특별시 광진구 능동로 42,신양초교앞 교차로,37.535221,127.068398
987,서울특별시 광진구 아차산로 304,원일교회,37.538052,127.076599
986,서울특별시 광진구 아차산로78길 7,광진유진스웰,37.550488,127.108955
985,서울특별시 광진구 능동로 지하 417,중곡역 1번출구 앞,37.565659,127.084297
984,서울특별시 광진구 자양로 131,광진구청 앞,37.539501,127.083
983,서울특별시 광진구 능동로 313,군자역2번출구,37.557587,127.079697
980,서울특별시 광진구 자양동 749,,37.528454,127.078033
98,서울특별시 광진구 능동로 76,광진구의회 앞,37.537308,127.070351
974,서울특별시 광진구 능동로 120,학생회관,37.541912,127.077637
973,서울특별시 광진구 능동로 120,행정관,37.542778,127.075371
972,서울특별시 광진구 능동로 120,입학정보관,37.53989,127.073364
97,서울특별시 광진구 광나루로 404,,37.54705,127.074333
483,서울특별시 광진구 능동로 10,뚝섬유원지역,37.532688,127.067497
445,서울특별시 광진구 군자동 374-8,광진광장 교통섬,37.547829,127.072632
388,서울특별시 광진구 구천면로 2,광진청소년수련관,37.546547,127.106133
387,서울특별시 광진구 아차산로 552,광나루역 3번 출구,37.54483,127.104263
386,서울특별시 광진구 용마산로 120,중앙농협 중곡지점,37.564293,127.086937
385,서울특별시 광진구 능동로 216,아차산역4번출구,37.551849,127.088982
384,서울특별시 광진구 능동로 216,구의문주차장 앞,37.545231,127.084732
383,서울특별시 광진구 능동로 398,국립정신 건강센터 앞,37.56538,127.08651
382,서울특별시 광진구 군자동 98-22,,37.550396,127.075859
381,서울특별시 광진구 강변역로 17,구의3동주민센터,37.537849,127.092171
379,서울특별시 광진구 동일로 459,중곡 성원APT 앞,37.571255,127.079803
378,서울특별시 광진구 구의강변로 64,대림아크로리버 앞,37.536579,127.092972
377,서울특별시 광진구 아차산로 466 트리니티 빌딩,,37.539841,127.093887
3422,서울특별시 광진구 자양로 167 광진경찰서,,37.543007,127.084274
3400,서울특별시 광진구 자양동 868,,37.536766,127.087006
3390,서울특별시 광진구 강변북로 2216,,37.529613,127.066261
3369,서울특별시 광진구 자양로 72,,37.533875,127.088142
3367,서울특별시 광진구 구의동 201-15,,37.541637,127.095085
3351,서울특별시 광진구 능동로 120 건국대학교,,37.540886,127.079285
3340,서울특별시 광진구 천호대로 673 신제빌딩,,37.551052,127.090439
3339,서울특별시 광진구 아차산로69길 19 현대아파트,,37.542065,127.098068
3309,서울특별시 광진구 자양동 236-91,,37.536961,127.062737
3188,서울특별시 광진구 구의동 252-133,,37.538033,127.083557
3186,서울특별시 광진구 천호대로 567 성원주차장,,37.556812,127.081078
3012,서울특별시 광진구 구의동 623-1,,37.539192,127.098015
2891,서울특별시 광진구 자양로3가길 28,,37.528793,127.084633
2865,서울특별시 광진구 자양번영로 38,,37.532936,127.075806
2843,서울특별시 광진구 광진구 동일로 399,,37.56628,127.077477
2830,서울특별시 광진구 광진구 천호대로 717-18,,37.548969,127.093529
259,서울특별시 광진구 구의동 96,아차산역 3번출구,37.551224,127.089706
258,서울특별시 광진구 자양동 738,자양나들목,37.52977,127.07486
257,서울특별시 광진구 자양동 722,잠실대교북단 교차로,37.532478,127.085091
256,서울특별시 광진구 광장동 561-15,광남중학교,37.54073,127.102905
255,서울특별시 광진구 강변역로 94-2 가로판매대 - 34,,37.535988,127.094627
2548,서울특별시 광진구 광장로5길 25-1 장로회신학대학교,,37.549839,127.103027
2547,서울특별시 광진구 광진구 자양로 80,,37.53471,127.084473
2546,서울특별시 광진구 뚝섬로52길 66 자양 문화체육센터,,37.52927,127.077866
2545,서울특별시 광진구 광진구 능동로 50,,37.53521,127.069
2544,서울특별시 광진구 광진구 광나루로 486,,37.545006,127.083374
2543,서울특별시 광진구 광진구 동일로 296,,37.557755,127.072975
2542,서울특별시 광진구 광진구 광나루로 416,,37.546513,127.075714
2541,서울특별시 광진구 광진구 능동 463-1,,37.547649,127.074707
254,서울특별시 광진구 강변역로 87-2 가로판매대 - 28,,37.535824,127.094162
253,서울특별시 광진구 군자동 499,군자역 7번출구 베스트샵 앞,37.55603,127.078644
252,서울특별시 광진구 중곡동 263-1,군자교교차로,37.559795,127.074203
2408,서울특별시 광진구 군자로 114 세종초등학교,,37.552372,127.07354
2407,서울특별시 광진구 구의동 201-2,,37.542465,127.094231
2325,서울특별시 광진구 군자동 473-26,,37.557713,127.077271
2324,서울특별시 광진구 광장동 580-1,,37.544769,127.103691
2323,서울특별시 광진구 천호대로 643 웨딩부띠크르블랑,,37.553551,127.088852
2322,서울특별시 광진구 자양로 266,,37.549774,127.090775
2321,서울특별시 광진구 화양동 18-39,,37.547989,127.069504
2320,서울특별시 광진구 군자동 374-10,,37.54747,127.073967
2319,서울특별시 광진구 능동로 209 세종대학교,,37.550426,127.075836
2318,서울특별시 광진구 화양동 21-62,,37.54789,127.067451
2317,서울특별시 광진구 천호대로 611,,37.555008,127.085815
2316,서울특별시 광진구 자양동 580-10,,37.533386,127.075569
2315,서울특별시 광진구 구의동 245-7,,37.538177,127.090904
2314,서울특별시 광진구 아차산로 360 서원빌딩,,37.536575,127.082581
2313,서울특별시 광진구 광나루로 604 진넥스 베르디엠,,37.541554,127.095108
2312,서울특별시 광진구 능동 18,,37.551338,127.076714
2311,서울특별시 광진구 중곡동 165-9,,37.563145,127.082619
2310,서울특별시 광진구 화양동 24-33,,37.54435,127.065407
2309,서울 광진구 아차산로 426,,37.537807,127.089767
2308,서울특별시 광진구 화양동 4-1,,37.539566,127.072441
2307,서울특별시 광진구 강변역로 94-2 가로판매대 - 34,,37.536903,127.094009
2306,서울특별시 광진구 뚝섬로36길 69,,37.531631,127.069771
2305,서울특별시 광진구 자양동 712,,37.535072,127.076111
2304,서울특별시 광진구 광나루로56길 86 구의공원 공중화장실,,37.536911,127.094055
2303,서울특별시 광진구 구의동 175-1,,37.547073,127.098289
2302,서울특별시 광진구 구의강변로3가길 33 구의7단지조합현대아파트,,37.5368,127.090836
1760,서울특별시 광진구 능동로 209 세종대학교,,37.551373,127.07444
1722,서울특별시 광진구 광나루로 545 래미안파크스위트,,37.544987,127.089806
1690,서울특별시 광진구 아차산로 200,커먼그라운드,37.541248,127.06604
1664,서울특별시 광진구 천호대로 716,아차산 휴먼시아 아파트 옆,37.548489,127.093758
1663,서울특별시 광진구 뚝섬로 639,중앙농협(자양동),37.531811,127.080742
1662,서울특별시 광진구 용마산로 63,중곡사거리(국민은행),37.559158,127.087517
1661,서울특별시 광진구 아차산로 238,,37.540081,127.069565
1660,서울특별시 광진구 능동로 92 롯데백화점,,37.539295,127.070786
1603,서울특별시 광진구 능동로 216,어린이대공원정문,37.549789,127.075928
1602,서울특별시 광진구 아차산로78길 90,광진정보도서관,37.550598,127.110512
1429,서울특별시 광진구 능동로 120,건국대학교 과학관(이과대) 앞,37.541718,127.08017
1428,서울특별시 광진구 군자로 114,세종대학교,37.550236,127.073822
1427,서울특별시 광진구 용마산로32길 32,중곡SK아파트앞,37.568649,127.08625
1379,서울특별시 광진구 아차산로69길 29,현대홈타운 뒷길,37.543427,127.096619
1378,서울특별시 광진구 자양로 167,광진경찰서,37.542519,127.084084
1271,서울특별시 광진구 광나루로 548-2 구두수선대 - 10,,37.543842,127.0933
1266,서울특별시 광진구 능동로 373,용마사거리,37.562527,127.082275
1263,서울특별시 광진구 천호대로 지하 550,군자역 7번출구 뒤,37.556862,127.07914
1194,서울특별시 광진구 군자동 111-2,세종사이버대학교,37.553417,127.073196
1193,서울특별시 광진구 화양동 21-6,화양사거리,37.548222,127.067879
1192,서울특별시 광진구 능동 465-7,어린이회관,37.545952,127.078003
1191,서울특별시 광진구 자양동 203-22,영동대교 북단,37.537014,127.061096
114,서울특별시 광진구 광나루로 355,광진메디컬앞,37.548405,127.069366
113,서울특별시 광진구 자양로3길 7,광양중학교 앞,37.530235,127.08683
102,서울특별시 광진구 아차산로 355,타워더모스트 광진아크로텔,37.53701,127.082245
101,서울특별시 광진구 뚝섬로 596,신자초교입구교차로,37.53297,127.075935
100,서울특별시 광진구 아차산로 262,더샵스타시티 C동 앞,37.536667,127.073593
